﻿<?xml version="1.0" encoding="UTF-8"?>
<Order xmlns="urn:oasis:names:specification:ubl:schema:xsd:Order-2" xmlns:cac="urn:oasis:names:specification:ubl:schema:xsd:CommonAggregateComponents-2" xmlns:cbc="urn:oasis:names:specification:ubl:schema:xsd:CommonBasicComponents-2" xmlns:xsi="http://www.w3.org/2001/XMLSchema-instance" xsi:schemaLocation="urn:oasis:names:specification:ubl:schema:xsd:Order-2 ../../3%20Ordre/UBL%202.1%20schema/maindoc/UBL-Order-2.1.xsd">
	<cbc:UBLVersionID>2.1</cbc:UBLVersionID>
	<cbc:CustomizationID>urn:www.cenbii.eu:transaction:biitrns001:ver2.0:extended:urn:www.peppol.eu:bis:peppol28a:ver1.0:extended:urn:www.difi.no:ehf:ordre:ver1.0</cbc:CustomizationID>
	<cbc:ProfileID>urn:www.cenbii.eu:profile:bii28:ver2.0</cbc:ProfileID>
	<cbc:ID>34</cbc:ID>
	<cbc:IssueDate>2012-10-01</cbc:IssueDate>
	<cbc:IssueTime>12:30:00</cbc:IssueTime>
	<cbc:Note>Information text for the whole order</cbc:Note>
	<cbc:DocumentCurrencyCode listID="ISO4217">NOK</cbc:DocumentCurrencyCode>
	<cbc:AccountingCost>Project123</cbc:AccountingCost>
	<cac:ValidityPeriod>
		<cbc:EndDate>2013-01-31</cbc:EndDate>
	</cac:ValidityPeriod>
	<cac:QuotationDocumentReference>
		<cbc:ID>QuoteID123</cbc:ID>
	</cac:QuotationDocumentReference>
	<cac:OrderDocumentReference>
		<cbc:ID>RjectedOrderID123</cbc:ID>
	</cac:OrderDocumentReference>
	<cac:OriginatorDocumentReference>
		<cbc:ID>MAFO</cbc:ID>
	</cac:OriginatorDocumentReference>
	<cac:AdditionalDocumentReference>
		<cbc:ID>Doc1</cbc:ID>
		<cbc:DocumentType>Timesheet</cbc:DocumentType>
		<cac:Attachment>
			<cac:ExternalReference>
				<cbc:URI>http://www.suppliersite.eu/sheet001.html</cbc:URI>
			</cac:ExternalReference>
		</cac:Attachment>
	</cac:AdditionalDocumentReference>
	<cac:AdditionalDocumentReference>
		<cbc:ID>Doc2</cbc:ID>
		<cbc:DocumentType>Drawing</cbc:DocumentType>
		<cac:Attachment>
			<cbc:EmbeddedDocumentBinaryObject mimeCode="application/pdf">UjBsR09EbGhjZ0dTQUxNQUFBUUNBRU1tQ1p0dU1GUXhEUzhi</cbc:EmbeddedDocumentBinaryObject>
		</cac:Attachment>
	</cac:AdditionalDocumentReference>
	<cac:Contract>
		<cbc:ID>34322</cbc:ID>
		<cbc:ContractType>FrameworkAgreementID123</cbc:ContractType>
	</cac:Contract>
	<cac:BuyerCustomerParty>
		<cac:Party>
			<cbc:EndpointID schemeID="NO:ORGNR">931186755</cbc:EndpointID>
			<cac:PartyIdentification>
				<cbc:ID schemeID="GLN">7080000985134</cbc:ID>
			</cac:PartyIdentification>
			<cac:PartyName>
				<cbc:Name>Helseforetak</cbc:Name>
			</cac:PartyName>
			<cac:PostalAddress>
				<cbc:StreetName>Sinsenveien 40</cbc:StreetName>
				<cbc:AdditionalStreetName>Oppgang B</cbc:AdditionalStreetName>
				<cbc:CityName>Oslo</cbc:CityName>
				<cbc:PostalZone>0501</cbc:PostalZone>
				<cac:Country>
					<cbc:IdentificationCode listID="ISO3166-1">NO</cbc:IdentificationCode>
				</cac:Country>
			</cac:PostalAddress>
			<cac:PartyTaxScheme>
				<cbc:CompanyID>9311867455MVA</cbc:CompanyID>
				<cac:TaxScheme>
					<cbc:ID>VAT</cbc:ID>
				</cac:TaxScheme>
			</cac:PartyTaxScheme>
			<cac:PartyLegalEntity>
				<cbc:RegistrationName>Helseforetak AS</cbc:RegistrationName>
				<cbc:CompanyID>931186755</cbc:CompanyID>
				<cac:RegistrationAddress>
					<cbc:CityName>Oslo</cbc:CityName>
					<cac:Country>
						<cbc:IdentificationCode listID="ISO3166-1">NO</cbc:IdentificationCode>
					</cac:Country>
				</cac:RegistrationAddress>
			</cac:PartyLegalEntity>
			<cac:Contact>
				<cbc:ID>3150bdn</cbc:ID>
				<cbc:Name>Ole Olsen</cbc:Name>
				<cbc:Telephone>23055000</cbc:Telephone>
				<cbc:ElectronicMail>post@helseforetak.no</cbc:ElectronicMail>
			</cac:Contact>
		</cac:Party>
	</cac:BuyerCustomerParty>
	<cac:SellerSupplierParty>
		<cac:Party>
			<cbc:EndpointID schemeID="NO:ORGNR">938752655</cbc:EndpointID>
			<cac:PartyIdentification>
				<cbc:ID schemeID="GLN">7080000374200</cbc:ID>
			</cac:PartyIdentification>
			<cac:PartyName>
				<cbc:Name>Medical</cbc:Name>
			</cac:PartyName>
			<cac:PostalAddress>
				<cbc:StreetName>Storgt. 12</cbc:StreetName>
				<cbc:AdditionalStreetName>4. etasje</cbc:AdditionalStreetName>
				<cbc:CityName>Oslo</cbc:CityName>
				<cbc:PostalZone>0585</cbc:PostalZone>
				<cac:Country>
					<cbc:IdentificationCode listID="ISO3166-1">NO</cbc:IdentificationCode>
				</cac:Country>
			</cac:PostalAddress>
			<cac:Contact>
				<cbc:Name>Nils Nilsen</cbc:Name>
				<cbc:Telephone>22150510</cbc:Telephone>
				<cbc:ElectronicMail>post@medical.no</cbc:ElectronicMail>
			</cac:Contact>
		</cac:Party>
	</cac:SellerSupplierParty>
	<cac:OriginatorCustomerParty>
		<cac:Party>
			<cac:PartyIdentification>
				<cbc:ID schemeID="ZZZ">12345</cbc:ID>
			</cac:PartyIdentification>
			<cac:PartyName>
				<cbc:Name>Helseavdeling</cbc:Name>
			</cac:PartyName>
			<cac:Contact>
				<cbc:Name>Per Persen</cbc:Name>
				<cbc:Telephone>67915000</cbc:Telephone>
				<cbc:ElectronicMail>post@helse.no</cbc:ElectronicMail>
			</cac:Contact>
		</cac:Party>
	</cac:OriginatorCustomerParty>
	<cac:Delivery>
		<cac:DeliveryLocation>
			<cac:Address>
				<cbc:StreetName>Solheimsveien 10</cbc:StreetName>
				<cbc:CityName>Lørenskog</cbc:CityName>
				<cbc:PostalZone>1473</cbc:PostalZone>
				<cac:Country>
					<cbc:IdentificationCode listID="ISO3166-1">NO</cbc:IdentificationCode>
				</cac:Country>
			</cac:Address>
		</cac:DeliveryLocation>
		<cac:RequestedDeliveryPeriod>
			<cbc:StartDate>2012-10-10</cbc:StartDate>
			<cbc:EndDate>2012-10-20</cbc:EndDate>
		</cac:RequestedDeliveryPeriod>
		<cac:DeliveryParty>
			<cac:PartyIdentification>
				<cbc:ID schemeID="ZZZ">1369</cbc:ID>
			</cac:PartyIdentification>
			<cac:PartyName>
				<cbc:Name>Helseavdeling</cbc:Name>
			</cac:PartyName>
			<cac:Contact>
				<cbc:Name>Ole</cbc:Name>
				<cbc:Telephone>987098709</cbc:Telephone>
				<cbc:ElectronicMail>ole@helseforetak.no</cbc:ElectronicMail>
			</cac:Contact>
		</cac:DeliveryParty>
	</cac:Delivery>
	<cac:DeliveryTerms>
		<cbc:ID schemeID="INCOTERMS">FOT</cbc:ID>
		<cbc:SpecialTerms>CAD</cbc:SpecialTerms>
		<cac:DeliveryLocation>
			<cbc:ID>STO</cbc:ID>
		</cac:DeliveryLocation>
	</cac:DeliveryTerms>
	<cac:AllowanceCharge>
		<cbc:ChargeIndicator>true</cbc:ChargeIndicator>
		<cbc:AllowanceChargeReason>Transport documents</cbc:AllowanceChargeReason>
		<cbc:Amount currencyID="NOK">100</cbc:Amount>
	</cac:AllowanceCharge>
	<cac:AllowanceCharge>
		<cbc:ChargeIndicator>false</cbc:ChargeIndicator>
		<cbc:AllowanceChargeReason>Total order value discount</cbc:AllowanceChargeReason>
		<cbc:Amount currencyID="NOK">100</cbc:Amount>
	</cac:AllowanceCharge>
	<cac:TaxTotal>
		<cbc:TaxAmount currencyID="NOK">1556.25</cbc:TaxAmount>
	</cac:TaxTotal>
	<cac:AnticipatedMonetaryTotal>
		<cbc:LineExtensionAmount currencyID="NOK">6225</cbc:LineExtensionAmount>
		<cbc:TaxExclusiveAmount currencyID="NOK">6225</cbc:TaxExclusiveAmount>
		<cbc:TaxInclusiveAmount currencyID="NOK">7781.25</cbc:TaxInclusiveAmount>
		<cbc:AllowanceTotalAmount currencyID="NOK">100</cbc:AllowanceTotalAmount>
		<cbc:ChargeTotalAmount currencyID="NOK">100</cbc:ChargeTotalAmount>
		<cbc:PayableAmount currencyID="NOK">7781.25</cbc:PayableAmount>
	</cac:AnticipatedMonetaryTotal>
	<cac:OrderLine>
		<cbc:Note>Freetext note on line 1</cbc:Note>
		<cac:LineItem>
			<cbc:ID>1</cbc:ID>
			<cbc:Quantity unitCode="EA" unitCodeListID="UNECERec20">120</cbc:Quantity>
			<cbc:LineExtensionAmount currencyID="NOK">6000</cbc:LineExtensionAmount>
			<cbc:TotalTaxAmount currencyID="NOK">1500</cbc:TotalTaxAmount>
			<cbc:PartialDeliveryIndicator>false</cbc:PartialDeliveryIndicator>
			<cac:Delivery>
				<cac:RequestedDeliveryPeriod>
					<cbc:StartDate>2010-02-10</cbc:StartDate>
					<cbc:EndDate>2010-02-25</cbc:EndDate>
				</cac:RequestedDeliveryPeriod>
			</cac:Delivery>
			<cac:OriginatorParty>
				<cac:PartyIdentification>
					<cbc:ID schemeID="ZZZ">EmployeeXXX</cbc:ID>
				</cac:PartyIdentification>
				<cac:PartyName>
					<cbc:Name>Josef K.</cbc:Name>
				</cac:PartyName>
			</cac:OriginatorParty>
			<cac:Price>
				<cbc:PriceAmount currencyID="NOK">50</cbc:PriceAmount>
				<cbc:BaseQuantity unitCode="EA" unitCodeListID="UNECERec20">1</cbc:BaseQuantity>
			</cac:Price>
			<cac:Item>
				<cbc:Description>Needle 4mm</cbc:Description>
				<cbc:Name>Needle 4mm</cbc:Name>
				<cac:SellersItemIdentification>
					<cbc:ID>121212</cbc:ID>
				</cac:SellersItemIdentification>
				<cac:CommodityClassification>
					<cbc:ItemClassificationCode listID="UNSPSC">12345</cbc:ItemClassificationCode>
				</cac:CommodityClassification>
				<cac:AdditionalItemProperty>
					<cbc:Name>Length</cbc:Name>
					<cbc:Value>30 mm</cbc:Value>
				</cac:AdditionalItemProperty>
			</cac:Item>
		</cac:LineItem>
	</cac:OrderLine>
	<cac:OrderLine>
		<cbc:Note>Freetext note on line 2</cbc:Note>
		<cac:LineItem>
			<cbc:ID>2</cbc:ID>
			<cbc:Quantity unitCode="EA" unitCodeListID="UNECERec20">15</cbc:Quantity>
			<cbc:LineExtensionAmount currencyID="NOK">225</cbc:LineExtensionAmount>
			<cbc:TotalTaxAmount currencyID="NOK">56.25</cbc:TotalTaxAmount>
			<cbc:PartialDeliveryIndicator>false</cbc:PartialDeliveryIndicator>
			<cbc:AccountingCost>ProjectID123</cbc:AccountingCost>
			<cac:Delivery>
				<cac:RequestedDeliveryPeriod>
					<cbc:StartDate>2012-10-15</cbc:StartDate>
					<cbc:EndDate>2012-10-31</cbc:EndDate>
				</cac:RequestedDeliveryPeriod>
			</cac:Delivery>
			<cac:OriginatorParty>
				<cac:PartyIdentification>
					<cbc:ID schemeID="ZZZ">EmployeeXXX</cbc:ID>
				</cac:PartyIdentification>
				<cac:PartyName>
					<cbc:Name>Josef K.</cbc:Name>
				</cac:PartyName>
			</cac:OriginatorParty>
			<cac:Price>
				<cbc:PriceAmount currencyID="NOK">15</cbc:PriceAmount>
				<cbc:BaseQuantity unitCode="EA" unitCodeListID="UNECERec20">1</cbc:BaseQuantity>
			</cac:Price>
			<cac:Item>
				<cbc:Description>Wet tissues for children</cbc:Description>
				<cbc:Name>Wet tissues</cbc:Name>
				<cac:SellersItemIdentification>
					<cbc:ID>SItemNo011</cbc:ID>
				</cac:SellersItemIdentification>
				<cac:CommodityClassification>
					<cbc:ItemClassificationCode listID="UNSPSC">56789</cbc:ItemClassificationCode>
				</cac:CommodityClassification>
				<cac:AdditionalItemProperty>
					<cbc:Name>Weight</cbc:Name>
					<cbc:Value>100 g</cbc:Value>
				</cac:AdditionalItemProperty>
			</cac:Item>
		</cac:LineItem>
	</cac:OrderLine>
</Order>

