<?xml version="1.0" encoding="UTF-8"?>
<!--
                Content:
                This file contains a norwegian invoice, profile only

                Errors:
                None
                
                Warnings:
                BIIRULE-T10-R014
				EUGEN-T10-R019
				
-->
<Invoice xmlns:cac="urn:oasis:names:specification:ubl:schema:xsd:CommonAggregateComponents-2" xmlns:cbc="urn:oasis:names:specification:ubl:schema:xsd:CommonBasicComponents-2" xmlns:ccts="urn:un:unece:uncefact:documentation:2" xmlns:ext="urn:oasis:names:specification:ubl:schema:xsd:CommonExtensionComponents-2" xmlns:qdt="urn:oasis:names:specification:ubl:schema:xsd:QualifiedDatatypes-2" xmlns:udt="urn:un:unece:uncefact:data:specification:UnqualifiedDataTypesSchemaModule:2" xmlns:fo="http://www.w3.org/1999/XSL/Format" xmlns:xsi="http://www.w3.org/2001/XMLSchema-instance" xmlns="urn:oasis:names:specification:ubl:schema:xsd:Invoice-2" xmlns:xsd="http://www.w3.org/2001/XMLSchema">
	<cbc:UBLVersionID>2.0</cbc:UBLVersionID>
	<cbc:CustomizationID>urn:www.cenbii.eu:transaction:biicoretrdm010:ver1.0:#urn:www.peppol.eu:bis:peppol4a:ver1.0#urn:www.difi.no:ehf:faktura:ver1</cbc:CustomizationID>
	<cbc:ProfileID>urn:www.cenbii.eu:profile:bii04:ver1.0</cbc:ProfileID>
	<cbc:ID>12345</cbc:ID>
	<cbc:IssueDate>2012-11-21</cbc:IssueDate>
	<cbc:InvoiceTypeCode listID="UN/ECE 1001 Subset" listAgencyID="6">380</cbc:InvoiceTypeCode>
	<cbc:DocumentCurrencyCode listID="ISO 4217 Alpha" listAgencyID="6">NOK</cbc:DocumentCurrencyCode>
	<cac:OrderReference>
		<cbc:ID>5423</cbc:ID>
	</cac:OrderReference>
	<cac:ContractDocumentReference>
		<cbc:ID>RA-564</cbc:ID>
	</cac:ContractDocumentReference>
	<cac:AccountingSupplierParty>
		<cac:Party>
			<cbc:EndpointID>9908:977187761</cbc:EndpointID>
			<cac:PartyIdentification>
				<cbc:ID schemeID="GLN">7080003093035</cbc:ID>
			</cac:PartyIdentification>
			<cac:PartyName>
				<cbc:Name>Bedriften A/S</cbc:Name>
			</cac:PartyName>
			<cac:PostalAddress>
				<cbc:ID schemeID="GLN" schemeAgencyID="9">7080003093035</cbc:ID>
				<cbc:StreetName>Brugt. 10</cbc:StreetName>
				<cbc:CityName>Sarpsborg</cbc:CityName>
				<cbc:PostalZone>1710</cbc:PostalZone>
				<cac:Country>
					<cbc:IdentificationCode listID="ISO3166-1" listAgencyID="6">NO</cbc:IdentificationCode>
				</cac:Country>
			</cac:PostalAddress>
			<cac:PartyTaxScheme>
				<cbc:CompanyID schemeID="NO:VAT" schemeAgencyID="82">977187761MVA</cbc:CompanyID>
				<cac:TaxScheme>
					<cbc:ID schemeID="UN/ECE 5153" schemeAgencyID="6">VAT</cbc:ID>
				</cac:TaxScheme>
			</cac:PartyTaxScheme>
			<cac:PartyLegalEntity>
				<cbc:RegistrationName>IntegrasjonsPartner testkunde</cbc:RegistrationName>
				<cbc:CompanyID schemeID="NO:ORGNR" schemeName="Foretaksregisteret" schemeAgencyID="82">977187761</cbc:CompanyID>
				<cac:RegistrationAddress>
					<cbc:CityName>Sarpsborg</cbc:CityName>
					<cac:Country>
						<cbc:IdentificationCode>NO</cbc:IdentificationCode>
					</cac:Country>
				</cac:RegistrationAddress>
			</cac:PartyLegalEntity>
			<cac:Contact>
				<cbc:ID>David</cbc:ID>
			</cac:Contact>
		</cac:Party>
	</cac:AccountingSupplierParty>
	<cac:AccountingCustomerParty>
		<cac:Party>
		    <cbc:EndpointID>9908:810305282</cbc:EndpointID>
			<cac:PartyIdentification>
				<cbc:ID schemeID="GLN">7080003093035</cbc:ID>
			</cac:PartyIdentification>
			<cac:PartyName>
				<cbc:Name>TestKunde</cbc:Name>
			</cac:PartyName>
			<cac:PostalAddress>
				<cbc:StreetName>Storgata 3</cbc:StreetName>
				<cbc:CityName>SARPSBORG</cbc:CityName>
				<cbc:PostalZone>1701</cbc:PostalZone>
				<cac:Country>
					<cbc:IdentificationCode listID="ISO3166-1" listAgencyID="6">NO</cbc:IdentificationCode>
				</cac:Country>
			</cac:PostalAddress>
			<cac:PartyTaxScheme>
				<cbc:CompanyID schemeID="NO:VAT" schemeAgencyID="82">810305282MVA</cbc:CompanyID>
				<cac:TaxScheme>
					<cbc:ID schemeID="UN/ECE 5153" schemeAgencyID="6">VAT</cbc:ID>
				</cac:TaxScheme>
			</cac:PartyTaxScheme>
			<cac:PartyLegalEntity>
				<cbc:RegistrationName>TestKunde</cbc:RegistrationName>
				<cbc:CompanyID schemeID="NO:ORGNR" schemeAgencyID="82">810305282</cbc:CompanyID>
				<cac:RegistrationAddress>
					<cbc:CityName>SARPSBORG</cbc:CityName>
					<cac:Country>
						<cbc:IdentificationCode>NO</cbc:IdentificationCode>
					</cac:Country>
				</cac:RegistrationAddress>
			</cac:PartyLegalEntity>
			<cac:Contact>
				<cbc:ID>DTJ1234</cbc:ID>
			</cac:Contact>
		</cac:Party>
	</cac:AccountingCustomerParty>
	<cac:Delivery>
		<cbc:ActualDeliveryDate>2012-11-21</cbc:ActualDeliveryDate>
		<cac:DeliveryLocation>
			<cbc:ID schemeID="GLN" schemeAgencyID="9">7080000081769</cbc:ID>
			<cac:Address>
				<cbc:StreetName>Storgata 3</cbc:StreetName>
				<cbc:CityName>SARPSBORG</cbc:CityName>
				<cbc:PostalZone>1701</cbc:PostalZone>
				<cac:Country>
					<cbc:IdentificationCode>NO</cbc:IdentificationCode>
				</cac:Country>
			</cac:Address>
		</cac:DeliveryLocation>
	</cac:Delivery>
	<cac:PaymentMeans>
		<cbc:PaymentMeansCode listID="UN/ECE 4461 Subset" listAgencyID="NES">31</cbc:PaymentMeansCode>
		<cbc:PaymentDueDate>2012-12-31</cbc:PaymentDueDate>
		<cbc:PaymentChannelCode>SW</cbc:PaymentChannelCode>
		<cbc:PaymentID>000200000032000100011</cbc:PaymentID>
		<cac:PayeeFinancialAccount>
			<cbc:ID schemeID="IBAN">NO98745566558</cbc:ID>
			<cac:FinancialInstitutionBranch>
				<cac:FinancialInstitution>
					<cbc:ID schemeID="BIC">DNB</cbc:ID>
				</cac:FinancialInstitution>
			</cac:FinancialInstitutionBranch>
		</cac:PayeeFinancialAccount>
	</cac:PaymentMeans>
  <cac:TaxTotal>
  	<cbc:TaxAmount currencyID="NOK">-25.00</cbc:TaxAmount>
  	<cac:TaxSubtotal>
 		 <cbc:TaxableAmount currencyID="NOK">-100.00</cbc:TaxableAmount>
 		 <cbc:TaxAmount currencyID="NOK">-25.00</cbc:TaxAmount>
  		<cac:TaxCategory>
<cbc:ID schemeAgencyID="6" schemeID="UN/ECE 5305">S</cbc:ID>
  			<cbc:Percent>25.00</cbc:Percent>
<cac:TaxScheme>
  			<cbc:ID schemeAgencyID="6" schemeID="UN/ECE 5153">VAT</cbc:ID>
        			</cac:TaxScheme>
      		</cac:TaxCategory>
    	</cac:TaxSubtotal>
  </cac:TaxTotal>
  <cac:LegalMonetaryTotal>
  	<cbc:LineExtensionAmount currencyID="NOK">-100.00</cbc:LineExtensionAmount>
  	<cbc:TaxExclusiveAmount currencyID="NOK">-100.00</cbc:TaxExclusiveAmount>
  	<cbc:TaxInclusiveAmount currencyID="NOK">-125.00</cbc:TaxInclusiveAmount>
  	<cbc:AllowanceTotalAmount currencyID="NOK">0.00</cbc:AllowanceTotalAmount>
  	<cbc:ChargeTotalAmount currencyID="NOK">0.00</cbc:ChargeTotalAmount>
	<cbc:PrepaidAmount currencyID="NOK">0.00</cbc:PrepaidAmount>
  	<cbc:PayableRoundingAmount currencyID="NOK">0.00</cbc:PayableRoundingAmount>
  	<cbc:PayableAmount currencyID="NOK">-125.00</cbc:PayableAmount>
  </cac:LegalMonetaryTotal>
<cac:InvoiceLine> 
<cbc:ID>1</cbc:ID>
<cbc:InvoicedQuantity unitCode="NAR">-1.00</cbc:InvoicedQuantity>
<cbc:LineExtensionAmount currencyID="NOK">-100.00</cbc:LineExtensionAmount>
<cbc:AccountingCost>123</cbc:AccountingCost>
<cac:OrderLineReference>
<cbc:LineID>1</cbc:LineID>
</cac:OrderLineReference>
 <cac:Item>
 <cbc:Name>Vare A</cbc:Name>
 <cac:SellersItemIdentification>
 <cbc:ID>AAA</cbc:ID>
 </cac:SellersItemIdentification>
 <cac:ClassifiedTaxCategory>
 <cbc:ID schemeAgencyID="6" schemeID="UN/ECE 5305">S</cbc:ID>
 <cbc:Percent>25.00</cbc:Percent>
 <cac:TaxScheme>
 <cbc:ID schemeAgencyID="6" schemeID="UN/ECE 5153">VAT</cbc:ID>
 </cac:TaxScheme>
 </cac:ClassifiedTaxCategory>
 </cac:Item>
 <cac:Price>
 <cbc:PriceAmount currencyID="NOK">100.00</cbc:PriceAmount>
 </cac:Price>
 </cac:InvoiceLine>
 </Invoice>

