<?xml version="1.0" encoding="UTF-8"?>
<ApplicationResponse xsi:schemaLocation="urn:oasis:names:specification:ubl:schema:xsd:ApplicationResponse-2 UBL-ApplicationResponse-2.1.xsd" xmlns="urn:oasis:names:specification:ubl:schema:xsd:ApplicationResponse-2" xmlns:xsi="http://www.w3.org/2001/XMLSchema-instance" xmlns:cac="urn:oasis:names:specification:ubl:schema:xsd:CommonAggregateComponents-2" xmlns:cbc="urn:oasis:names:specification:ubl:schema:xsd:CommonBasicComponents-2">
	<cbc:UBLVersionID>2.1</cbc:UBLVersionID>
	<cbc:CustomizationID>urn:www.cenbii.eu:transaction:biitrns058:ver2.0:extended:urn:www.peppol.eu:bis:peppol1a:ver2.0:extended:urn:www.difi.no:ehf:katalogbekreftelse:ver1.0</cbc:CustomizationID>
	<cbc:ProfileID>urn:www.cenbii.eu:profile:bii01:ver2.0</cbc:ProfileID>
	<cbc:ID>1</cbc:ID>
	<cbc:IssueDate>2012-05-29</cbc:IssueDate>
	<cac:SenderParty>
		<cbc:EndpointID schemeID="NO:ORGNR">1234567890</cbc:EndpointID>
		<cac:PartyIdentification>
			<cbc:ID schemeID="ZZZ">98765</cbc:ID>
		</cac:PartyIdentification>
	</cac:SenderParty>
	<cac:ReceiverParty>
		<cbc:EndpointID schemeID="NO:ORGNR">123456789</cbc:EndpointID>
		<cac:PartyIdentification>
			<cbc:ID schemeID="ZZZ">12345</cbc:ID>
		</cac:PartyIdentification>
	</cac:ReceiverParty>
	<cac:DocumentResponse>
		<cac:Response>
			<cbc:ResponseCode listID="UNCL4343">RE</cbc:ResponseCode>
		</cac:Response>
		<cac:DocumentReference>
			<cbc:ID>1</cbc:ID>
		</cac:DocumentReference>
	</cac:DocumentResponse>
</ApplicationResponse>
