<?xml version="1.0" encoding="UTF-8"?>
<OrderResponse xmlns:xs="http://www.w3.org/2001/XMLSchema"
    xmlns="urn:oasis:names:specification:ubl:schema:xsd:OrderResponse-2"
    xmlns:cac="urn:oasis:names:specification:ubl:schema:xsd:CommonAggregateComponents-2"
    xmlns:cbc="urn:oasis:names:specification:ubl:schema:xsd:CommonBasicComponents-2">
  <cbc:UBLVersionID>2.1</cbc:UBLVersionID>
  <cbc:CustomizationID>urn:www.cenbii.eu:transaction:biitrns076:ver2.0:extended:urn:www.peppol.eu:bis:peppol28a:ver1.0:extended:urn:www.difi.no:ehf:ordrebekreftelse:ver1.0</cbc:CustomizationID>
  <cbc:ProfileID>urn:www.cenbii.eu:profile:bii28:ver2.0</cbc:ProfileID>
  <cbc:ID>4552</cbc:ID>
  <cbc:IssueDate>2013-07-01</cbc:IssueDate>
  <cbc:IssueTime>06:10:10</cbc:IssueTime>
  <cbc:OrderResponseCode listID="UNCL1225">27</cbc:OrderResponseCode> 
  <cbc:Note>No available translators</cbc:Note>
  <cbc:DocumentCurrencyCode listID="ISO4217">EUR</cbc:DocumentCurrencyCode>
  <cac:OrderReference>
    <cbc:ID>5</cbc:ID>
  </cac:OrderReference>
  <cac:SellerSupplierParty>
    <cac:Party>
		<cbc:EndpointID schemeID="NO:ORGNR">987654321</cbc:EndpointID>
      <cac:PartyIdentification>
        <cbc:ID schemeID="NO:ORGNR">987654321</cbc:ID>
      </cac:PartyIdentification>
      <cac:PartyName>
        <cbc:Name>Translation Services AS</cbc:Name>
      </cac:PartyName>
    </cac:Party>
  </cac:SellerSupplierParty>
  <cac:BuyerCustomerParty>
      <cac:Party>
      <cbc:EndpointID schemeID="SE:ORGNR">5541277711</cbc:EndpointID>
      <cac:PartyIdentification>
        <cbc:ID schemeID="SE:ORGNR">5541277711</cbc:ID>
      </cac:PartyIdentification>
      <cac:PartyName>
        <cbc:Name>City Hospital</cbc:Name>
      </cac:PartyName>
    </cac:Party>
  </cac:BuyerCustomerParty>
  </OrderResponse>
