﻿<?xml version="1.0" encoding="UTF-8"?>
<OrderResponse xmlns="urn:oasis:names:specification:ubl:schema:xsd:OrderResponse-2" xmlns:cac="urn:oasis:names:specification:ubl:schema:xsd:CommonAggregateComponents-2" xmlns:cbc="urn:oasis:names:specification:ubl:schema:xsd:CommonBasicComponents-2" xmlns:xsi="http://www.w3.org/2001/XMLSchema-instance" xsi:schemaLocation="urn:oasis:names:specification:ubl:schema:xsd:OrderResponse-2 ../../3%20Ordre/UBL%202.1%20schema/maindoc/UBL-OrderResponse-2.1.xsd">
	<cbc:UBLVersionID>2.1</cbc:UBLVersionID>
	<cbc:CustomizationID>urn:www.cenbii.eu:transaction:biitrns076:ver2.0:extended:urn:www.peppol.eu:bis:peppol28a:ver1.0:extended:urn:www.difi.no:ehf:ordrebekreftelse:ver1.0</cbc:CustomizationID>
	<cbc:ProfileID>urn:www.cenbii.eu:profile:bii28:ver2.0</cbc:ProfileID>
	<cbc:ID>34</cbc:ID>
	<cbc:IssueDate>2012-10-01</cbc:IssueDate>
	<cbc:IssueTime>12:30:00</cbc:IssueTime>
	<cbc:OrderResponseCode listID="UNCL1225">30</cbc:OrderResponseCode>
	<cbc:Note>Changes in 2 orderlines</cbc:Note>
	<cac:OrderReference>
		<cbc:ID>1</cbc:ID>
	</cac:OrderReference>
	<cac:SellerSupplierParty>
		<cac:Party>
			<cbc:EndpointID schemeID="NO:ORGNR">123456789</cbc:EndpointID>
			<cac:PartyIdentification>
				<cbc:ID schemeID="GLN">7080000123456</cbc:ID>
			</cac:PartyIdentification>
			<cac:PartyName>
				<cbc:Name>Medical</cbc:Name>
			</cac:PartyName>
			<cac:Contact>
				<cbc:Name>Nils Nilsen</cbc:Name>
				<cbc:Telephone>22150510</cbc:Telephone>
				<cbc:ElectronicMail>nils.nilsen@medical.no</cbc:ElectronicMail>
			</cac:Contact>
		</cac:Party>
	</cac:SellerSupplierParty>
	<cac:BuyerCustomerParty>
		<cac:Party>
			<cbc:EndpointID schemeID="NO:ORGNR">931186755</cbc:EndpointID>
			<cac:PartyIdentification>
				<cbc:ID schemeID="GLN">7080000985134</cbc:ID>
			</cac:PartyIdentification>
			<cac:PartyName>
				<cbc:Name>Helseforetak</cbc:Name>
			</cac:PartyName>
		</cac:Party>
	</cac:BuyerCustomerParty>
	<cac:OrderLine>
		<cac:LineItem>
			<cbc:ID>1</cbc:ID>
			<cbc:Note>Change in Quantity</cbc:Note>
			<cbc:LineStatusCode listID="UNCL1225">30</cbc:LineStatusCode>
			<cbc:Quantity unitCode="EA" unitCodeListID="UNECERec20">20</cbc:Quantity>
			<cac:Item>
				<cbc:Name>Needle 4mm</cbc:Name>
				<cac:SellersItemIdentification>
					<cbc:ID>121212</cbc:ID>
				</cac:SellersItemIdentification>
			</cac:Item>
		</cac:LineItem>
		<cac:OrderLineReference>
			<cbc:LineID>1</cbc:LineID>
		</cac:OrderLineReference>
	</cac:OrderLine>
	<cac:OrderLine>
		<cac:LineItem>
			<cbc:ID>2</cbc:ID>
			<cbc:Note>Substitution of article</cbc:Note>
			<cbc:LineStatusCode listID="UNCL1225">30</cbc:LineStatusCode>
			<cac:Item>
				<cbc:Name>Wet tissues for children</cbc:Name>
				<cac:SellersItemIdentification>
					<cbc:ID>SItemNo011</cbc:ID>
				</cac:SellersItemIdentification>
			</cac:Item>
		</cac:LineItem>
		<cac:SellerSubstitutedLineItem>
			<cbc:ID>2</cbc:ID>
			<cac:Item>
				<cbc:Name>Wet tissues for adults</cbc:Name>
				<cac:SellersItemIdentification>
					<cbc:ID>SItemNo012</cbc:ID>
				</cac:SellersItemIdentification>
				<cac:StandardItemIdentification>
					<cbc:ID schemeID="GTIN">05704368124358</cbc:ID>
				</cac:StandardItemIdentification>
				<cac:CommodityClassification>
					<cbc:ItemClassificationCode listID="UNSPSC">675634</cbc:ItemClassificationCode>
				</cac:CommodityClassification>
			</cac:Item>
		</cac:SellerSubstitutedLineItem>
		<cac:OrderLineReference>
			<cbc:LineID>2</cbc:LineID>
		</cac:OrderLineReference>
	</cac:OrderLine>
</OrderResponse>
