<?xml version="1.0" encoding="UTF-8"?>
<Reminder xmlns="urn:oasis:names:specification:ubl:schema:xsd:Reminder-2" xmlns:cac="urn:oasis:names:specification:ubl:schema:xsd:CommonAggregateComponents-2" xmlns:cbc="urn:oasis:names:specification:ubl:schema:xsd:CommonBasicComponents-2" xmlns:ccts="urn:un:unece:uncefact:documentation:2" xmlns:ext="urn:oasis:names:specification:ubl:schema:xsd:CommonExtensionComponents-2" xmlns:qdt="urn:oasis:names:specification:ubl:schema:xsd:QualifiedDatatypes-2" xmlns:udt="urn:un:unece:uncefact:data:specification:UnqualifiedDataTypesSchemaModule:2" xmlns:xsd="http://www.w3.org/2001/XMLSchema" xmlns:xsi="http://www.w3.org/2001/XMLSchema-instance" xsi:schemaLocation="urn:oasis:names:specification:ubl:schema:xsd:Reminder-2 UBL-Reminder-2.0.xsd">
	<cbc:UBLVersionID>2.0</cbc:UBLVersionID>
	<cbc:CustomizationID>urn:www.cenbii.eu:transaction:biicoretrdm017:ver1.0:#urn:www.cenbii.eu:profile:biixy:ver1.0#urn:www.difi.no:ehf:purring:ver1</cbc:CustomizationID>
	<cbc:ProfileID>urn:www.cenbii.eu:profile:biixy:ver1.0</cbc:ProfileID>
	<cbc:ID>123456</cbc:ID>
	<cbc:IssueDate>2012-12-03</cbc:IssueDate>
	<cbc:ReminderTypeCode>999</cbc:ReminderTypeCode>
    <cbc:ReminderSequenceNumeric>1</cbc:ReminderSequenceNumeric>
    <cbc:Note languageID="no">Henvendelse angående purring rettes til Utstyr salg AS, tlf 22 05 11 34</cbc:Note>
	<cac:AccountingSupplierParty>
		<cac:Party>
		<cbc:EndpointID>9908:123456789</cbc:EndpointID>
		<cac:PartyIdentification>
			<cbc:ID>Supp123</cbc:ID>
		</cac:PartyIdentification>
		<cac:PartyName>
			<cbc:Name>Sellercompany ASA</cbc:Name>
		</cac:PartyName>
		<cac:PostalAddress>
			<cbc:ID schemeID="GLN" schemeAgencyID="9">1231412341324</cbc:ID>
			<cbc:Postbox>5467</cbc:Postbox>
			<cbc:StreetName>Main street</cbc:StreetName>
			<cbc:BuildingNumber>1</cbc:BuildingNumber>
			<cbc:CityName>Big city</cbc:CityName>
			<cbc:PostalZone>54321</cbc:PostalZone>
			<cbc:CountrySubentityCode>RegionA</cbc:CountrySubentityCode>
			<cac:Country>
				<cbc:IdentificationCode listID="ISO3166-1"
				 listAgencyID="6">NO</cbc:IdentificationCode>
			</cac:Country>
		</cac:PostalAddress>
		<cac:PartyLegalEntity>
			<cbc:RegistrationName>The Sellercompany ASA</cbc:RegistrationName>
			<cbc:CompanyID schemeID="NO:ORGNR" schemeName="Foretaksregisteret"
				   schemeAgencyID="82">123456789</cbc:CompanyID>
			<cac:RegistrationAddress>
				<cbc:CityName>Big city</cbc:CityName>
				<cbc:CountrySubentity>RegionA</cbc:CountrySubentity>
				<cac:Country>
					<cbc:IdentificationCode>NO</cbc:IdentificationCode>
				</cac:Country>
			</cac:RegistrationAddress>
		</cac:PartyLegalEntity>
	   </cac:Party>
</cac:AccountingSupplierParty>
<cac:AccountingCustomerParty>
		<cac:Party>
			<cbc:EndpointID>9908:987654321</cbc:EndpointID>
			<cac:PartyIdentification>
				<cbc:ID>345KS5324</cbc:ID>
			</cac:PartyIdentification>
			<cac:PartyName>
				<cbc:Name>Buyercompany ASA</cbc:Name>
			</cac:PartyName>
			<cac:PostalAddress>
				<cbc:ID schemeID="GLN" schemeAgencyID="9">1238764941386</cbc:ID>
				<cbc:Postbox>123</cbc:Postbox>
				<cbc:StreetName>Anystreet</cbc:StreetName>
				<cbc:BuildingNumber>8</cbc:BuildingNumber>
				<cbc:CityName>Anytown</cbc:CityName>
				<cbc:PostalZone>101</cbc:PostalZone>
				<cbc:CountrySubentity>RegionB</cbc:CountrySubentity>
				<cac:Country>
					<cbc:IdentificationCode listID="ISO3166-1"
                            listAgencyID="6">NO</cbc:IdentificationCode>
				</cac:Country>
			</cac:PostalAddress>
			<cac:PartyLegalEntity>
				<cbc:RegistrationName>The buyercompany ASA</cbc:RegistrationName>
				<cbc:CompanyID schemeAgencyID="NO:ORGNR"
                       schemeID="82">987654321</cbc:CompanyID>
				<cac:RegistrationAddress>
					<cbc:CityName>Mainplace</cbc:CityName>
					<cbc:CountrySubentity>RegionB</cbc:CountrySubentity>
					<cac:Country>
						<cbc:IdentificationCode>NO</cbc:IdentificationCode>
					</cac:Country>
				</cac:RegistrationAddress>
			</cac:PartyLegalEntity>
			<cac:Contact>
				<cbc:ID>3150bdn</cbc:ID>
				<cbc:Telephone>5121230</cbc:Telephone>
				<cbc:Telefax>5121231</cbc:Telefax>
				<cbc:ElectronicMail>john@buyercompany.no</cbc:ElectronicMail>
			</cac:Contact>
		   </cac:Party>
	</cac:AccountingCustomerParty>
	<cac:PayeeParty>
		<cac:PartyIdentification>
			<cbc:ID schemeID="GLN" schemeAgencyID="9">098740918237</cbc:ID>
		</cac:PartyIdentification>
		<cac:PartyName>
			<cbc:Name>Ebeneser Scrooge AS</cbc:Name>
		</cac:PartyName>
	</cac:PayeeParty>
	<cac:TaxTotal>
		<cbc:TaxAmount currencyID="NOK">12.50</cbc:TaxAmount>
		<cac:TaxSubtotal>
			<cbc:TaxableAmount currencyID="NOK">50.00</cbc:TaxableAmount>
			<cbc:TaxAmount currencyID="NOK">12.50</cbc:TaxAmount>
			<cac:TaxCategory>
				<cbc:ID schemeID="UN/ECE 5305" schemeAgencyID="6">S</cbc:ID>
				<cac:TaxScheme>
					<cbc:ID schemeID="UN/ECE 5153" schemeAgencyID="6">VAT</cbc:ID>
				</cac:TaxScheme>
			</cac:TaxCategory>
		</cac:TaxSubtotal>
	</cac:TaxTotal>
	<cac:LegalMonetaryTotal>
		<cbc:LineExtensionAmount currencyID="NOK">50.00</cbc:LineExtensionAmount>
		<cbc:PayableAmount currencyID="NOK">62.50</cbc:PayableAmount>
	</cac:LegalMonetaryTotal>
	<cac:ReminderLine>
		<cbc:ID>1</cbc:ID>
		<cbc:Note>Gjelder faktura 123456</cbc:Note>
		<cbc:DebitLineAmount currencyID="NOK">100</cbc:DebitLineAmount>
		<cac:BillingReference>
			<cac:InvoiceDocumentReference>
				<cbc:ID>123456</cbc:ID>
			</cac:InvoiceDocumentReference>
		</cac:BillingReference>
	</cac:ReminderLine>
	<cac:ReminderLine>
		<cbc:ID>2</cbc:ID>
		<cbc:Note>Gjelder kreditnota 54321</cbc:Note>
		<cbc:CreditLineAmount currencyID="NOK">50</cbc:CreditLineAmount>
		<cac:BillingReference>
			<cac:CreditNoteDocumentReference>
				<cbc:ID>54321</cbc:ID>
			</cac:CreditNoteDocumentReference>
		</cac:BillingReference>
	</cac:ReminderLine>
</Reminder>